,H_yelp,H_foodcom,H_crocufid,H_foodpics,H_google,H_tripadvisor
H_yelp,1.0,0.11336508788364125,-0.34545454545454546,0.1753846153846154,0.6968070343956964,0.5952827278166387
H_foodcom,0.11336508788364125,1.0,-0.5166666666666667,-0.1617391304347826,0.1317572061114804,0.05730593145878622
H_crocufid,-0.34545454545454546,-0.5166666666666667,1.0,0.6,-0.32727272727272727,-0.09090909090909091
H_foodpics,0.1753846153846154,-0.1617391304347826,0.6,1.0,0.26153846153846155,0.11538461538461539
H_google,0.6968070343956964,0.1317572061114804,-0.32727272727272727,0.26153846153846155,1.0,0.47966062801183335
H_tripadvisor,0.5952827278166387,0.05730593145878622,-0.09090909090909091,0.11538461538461539,0.47966062801183335,1.0
