Comparison,Type,N_dishes,Spearman_rho,CI95_lo,CI95_hi,Spearman_p,Pearson_r,Delta_rho
Food.com BERT H vs Yelp BERT H,cross_context_NLP,121,0.06763414292088685,-0.1067762180885162,0.239008017362082,0.461062938893922,0.06412042994329317,
Food.com Calibrated BERT H vs Yelp BERT H,cross_context_NLP_calibrated,121,0.06763414292088685,-0.1067762180885162,0.239008017362082,0.461062938893922,,0.0
Food.com BT H vs Yelp BT H,cross_context_BT,579,0.3384474626988896,0.26014813187171537,0.41275579966092896,5.537975739841808e-17,0.22425725227752938,
Food.com star rating vs Yelp BERT H,cross_method,121,0.07611641014567834,-0.10465660305387291,0.2549432427968891,0.4066551268023292,,
Food.com BERT H vs Food.com star rating,internal_method,579,0.5375545016924802,0.46397795043373025,0.6106723078864499,1.1468065925551123e-44,,
