source,ICC,MS_between,MS_within,n_groups
Dish,0.02375945276564373,36.54428557343957,2.844285775311558,157
Restaurant,0.08285567033589704,4.332670844896853,2.470879961642267,7278
