model,R2,n
chemistry,0.0370818540287664,2387
cook_method,0.03274813937702825,2387
combined,0.06859374245369554,2387
E_only,0.016189198946027994,2387
