freq_bin,n_dishes,H_mean_avg,H_mean_std,H_cv_pct,H_range
<50,1,7.322710609436035,,,0.0
100-200,2,7.2242845248491845,0.011496627059487199,0.15913862500767445,0.016258685909072312
200-500,155,7.055781675330045,0.27357121719621363,3.8772630699831967,1.5195850019454955
