feature,coef,se,t_stat,p_value
intercept,3.1207305860666303,0.13321784833066647,23.42576933325416,0.0
pct_plant,0.6210118643268476,0.11360748390107508,5.466293619068267,1.8737109974686916e-07
is_raw_cold,1.6024206545733657,0.08787644991993193,18.23492705990514,0.0
n_ing,0.0016436991360438968,0.020342563073556166,0.08080098511188026,0.9357079324630266
protein_beef,-0.8146301629927348,0.10583557872592639,-7.697129574000015,1.7290613385512188e-12
protein_pork,-0.03457045893663301,0.08938941036821431,-0.38673998177446095,0.6994968047648411
protein_poultry,-0.09002160919072127,0.09334943502377023,-0.9643508733373526,0.3364221685778541
protein_seafood,0.002559619872823807,0.11012263671833147,0.02324335803337809,0.9814870447813493
