feature,coef,se_ols,se_hc3,t_hc3,p_hc3,ci95_lo,ci95_hi
intercept,1.9977127361813454,0.03633572384557104,0.04441298941177595,44.98037089238715,0.0,1.9106632769342644,2.0847621954284263
log(E_carbon_norm),-0.2321949809142939,0.03048342755679194,0.060321049288248024,-3.849319328062999,0.0001731978328749495,-0.35042423751926005,-0.11396572430932779
log(E_water_norm),-0.31707848330007893,0.03346257079018733,0.08298546313858553,-3.820891892481923,0.0001924720644590483,-0.47972999105170655,-0.1544269755484513
log(E_energy_norm),-0.33371394282453676,0.010519681797284384,0.01898770005433728,-17.575269351714237,0.0,-0.3709298349310378,-0.2964980507180357
