meal_role,n_dishes,H_cv_pct,E_cv_pct,cv_ratio_E_over_H,H_contribution_pct,E_contribution_pct,mean_cal,mean_protein,log_DEI_range,DEI_fold_difference,top_dish,bottom_dish
Full Main,154,31.014028092520036,57.68137585770427,1.859847927061621,35.38583384570021,66.62530668778757,561.0777922077923,32.5331948051948,3.6034866120373508,36.72606099974643,tabbouleh,fajita
Heavy Main,121,32.83184115967419,48.995067223514305,1.4923033705369118,50.48256942144956,57.07256101432036,863.1438842975207,42.66176033057852,3.111697010457444,22.459125450392012,hummus,pot_roast
Light Main,48,42.45638367664724,61.678605975679965,1.4527522279201028,33.94840972211004,63.976625262678056,310.93666666666667,16.312354166666665,3.9088090100178343,49.83955819720382,fattoush,dosa
Side/Snack,11,40.718623359223855,111.01817166092687,2.726471636369266,10.24034142538454,103.03620308696462,152.26818181818183,10.256,4.329456667571941,75.90303478329982,som_tam,hot_and_sour_soup
