E_quartile,n_dishes,E_range,H_mean,H_std,H_CV%,H_range,tau_H_DEI,p_value
Q1 (Low E),40,"[0.011, 0.151]",7.1171500000000005,0.2415700301924465,3.394196134582614,0.9320000000000004,0.10904428157313158,0.3219761233664358
Q2,39,"[0.151, 0.229]",7.0637948717948715,0.2719023798783964,3.8492394642443446,1.444,0.20107962213225372,0.07147714867836687
Q3,39,"[0.231, 0.303]",7.046948717948719,0.29432983187662715,4.176698932503413,1.399,0.13360323886639677,0.23107652262151057
Q4 (High E),40,"[0.307, 0.979]",7.010249999999999,0.27913435327721164,3.981803120818968,1.1680000000000001,0.07445449010080135,0.4991347711057519
